{
  "Comment": "A Hello World example using an AWS Lambda function",
  "StartAt": "HelloWorld",
  "States": {
    "HelloWorld": {
      "Type": "Task",
      "Resource": "arn:aws:lambda:us-east-1:474156701944:function:AWSLegatoDemoStepLambda-AWSTrainingLambdaFunction-124DQDKBUR8YH",
	  "Retry": [
        {
          "ErrorEquals": [
            "States.TaskFailed",
            "States.Timeout"
          ],
          "IntervalSeconds": 3,
          "MaxAttempts": 2,
          "BackoffRate": 1
        },
        {
          "ErrorEquals": [
            "Lambda.Unknown"
          ],
          "IntervalSeconds": 5,
          "MaxAttempts": 1
        }
      ],
      "Catch": [ {
            "ErrorEquals": ["CustomError"],
            "Next": "CustomErrorFallback"
         }, {
            "ErrorEquals": ["States.TaskFailed"],
            "Next": "ReservedTypeFallback",
			"ResultPath":"$.error"
         }, {
            "ErrorEquals": ["States.ALL"],
            "Next": "CatchAllFallback"
         } ],
         "End": true
      },
      "CustomErrorFallback": {
         "Type": "Pass",
         "Result": "This is a fallback from a custom Lambda function exception",
         "End": true
      },
      "ReservedTypeFallback": {
      "Type": "Task",
      "Resource": "arn:aws:states:::sns:publish",
      "Parameters": {
        "Subject": "SNS Testing",
        "Message.$":"$.error",
        "TopicArn": "arn:aws:sns:us-east-1:474156701944:AWSLegato"
      },
      "End": true
    },
      "CatchAllFallback": {
         "Type": "Pass",
         "Result": "This is a fallback from any error code",
         "End": true
      }
	  }
	  }